title,url,thumbnail_url,duration,channel_name,views,uploaded,description
I Built a Survival Shelter in JUNGLE ğŸ˜,https://www.youtube.com/watch?v=WjArnmhiJUE,https://i.ytimg.com/vi/WjArnmhiJUE/hqdefault.jpg?sqp=-oaymwEcCPYBEIoBSFXyq4qpAw4IARUAAIhCGAFwAcABBg==&rs=AOn4CLCYweh1nE7kVVP_90C9W7V_s5zCKA,18:50,Fukra Insaan,3.5M views,1 day ago,#Partnership Check out Mamaearth's Amazing Vitamin C Daily Glow Sunscreen MamaEarth: https://mamaearth.oia.link/7yv78 Use my code Fukrey2024 to get a 20% off You can also buy them from-...
JAVELIN THROW 2 ft. @TanmayBhatYT,https://www.youtube.com/watch?v=0CKMoDDIFFk,https://i.ytimg.com/vi/0CKMoDDIFFk/hqdefault.jpg?sqp=-oaymwEcCPYBEIoBSFXyq4qpAw4IARUAAIhCGAFwAcABBg==&rs=AOn4CLCEWnYqTcWsEfCOlXL-GVSQB5-Puw,11:23,R.G Bucket List,1.8M views,1 day ago,Download Probo & Earn Money:- https://probo-in.onelink.me/1kre/RGBucketList ...................................................................................... I recently shifted to Mumbai...
Desi Friends With Benefits | Ep 1,https://www.youtube.com/watch?v=SRGfm8u-Yqs,,,NOT YOUR TYPE,3.6M views,2 days ago,"Experience the joy of trading on Binomo and earn up to 5000 INR per day: http://binomoindia.in/NOTYOURTYPE_yt Transparent trading, fast deposits and withdrawals, unlimited demo account and..."
Family Star Trailer - Vijay Deverakonda | Mrunal | Parasuram | Dil Raju | Gopi Sundar,https://www.youtube.com/watch?v=xB7b3RzicUU,,,Dil Raju,11M views,2 days ago,"Presenting #FamilyStar ft Vijay Deverakonda, Mrunal Thakur. Directed by Parasuram. 5 April 2024 Release. Cast : Vijay Deverakonda, Mrunal Thakur Director & Writer - Parasuram DOP : KU Mohanan..."
ğŸ”´[Live] I am BackğŸ‘½Top 1 AWM KingğŸ—¿ğŸ’–Kya Raistar Aayega AajğŸ‘½-Garena Free Fire !!,https://www.youtube.com/watch?v=70WtlHbcJww,,,UnGraduate Gamer,2.5M views,Streamed 1 day ago,"ğŸ”ŠSo , Hi Guys I'm Ayush and Welcome to our channel UnGraduate GamerğŸ’“ğŸ‘‹!! Don't forget to Subscribe our ChannelğŸ˜Š. !! ******************************************************** ..."
Very Parivarik | A TVF Weekly Show | EP2 - Sunday: The Ravivar,https://www.youtube.com/watch?v=h6bIuoRLNn0,,,The Viral Fever,1M views,1 day ago,"Anish wants a nappy Sunday but his dad is ready to give him a snappy Sunday! Sundays are meant for relaxation, unless you're in Anish's shoes as Avadhraj has different plans for him that..."
Adujeevitham | My Opinion | Blessy | Prithviraj | ARR | Malayalam,https://www.youtube.com/watch?v=go_BbIEgGF0,,,LifeofShazzam,642K views,1 day ago,
PN HARSH & PN ROSE LIVE RANK PUSH TO GRANDMASTER ğŸ¤©ğŸ”¥ - #PNHARSH #SHORTS #PNROSE #FREEFIRELIVE,https://www.youtube.com/watch?v=odYIF_Q2ZdA,,,PRO NATION,1.4M views,Streamed 12 hours ago,"Hello PN HARSH Here From This Side. Basically I'm A Live Streamer . I'm From Indian Region & I'm A Professional i PHONE & PC Player & Also I'm The Leader Of ""india's One Of The best Guild Pro..."
Jaragandi - Lyrical Video | Game Changer | Ram Charan | Kiara Advani | Shankar | Thaman S,https://www.youtube.com/watch?v=45vS1-xtnp8,,,Saregama Telugu,17M views,3 days ago,"For more latest songs & videos, subscribe ğŸ‘‰ https://bit.ly/Saregama_Telugu Get ready to dance to the beats ğŸ•ºğŸ»ğŸ’ƒğŸ» Here is the most awaited song ""Jaragandi"" from 'Game Changer'..."
Jai Ganesh Official Trailer | Ranjith Sankar | Unni Mukundan | Mahima Nambiar | Sankar Sharma,https://www.youtube.com/watch?v=Opt0jkNtCTQ,,,123Musix,1.2M views,1 day ago,"Drive..Thrive..Survive.. Presenting you the official Trailer of Jai Ganesh directed by Ranjith Sankar and Produced by Dreams n Beyond and Unni Mukundan Films Cast: Unni Mukundan, Mahima Nambiar,..."
UDUKUDUKU ROTTELU | FULL SONG | LATEST TELUGU FOLK SONG |JOGULA VENKATESH | SINGER LAVANYA,https://www.youtube.com/watch?v=D6PqWFeziZM,,,Jogula Venkatesh Official,735K views,2 days ago,UDUKUDUKU ROTTELU | FULL SONG | LATEST TELUGU FOLK SONG |JOGULA VENKATESH | SINGER LAVANYA DIRECTION : ASHOK BOGE TUNE : JOGULA LAXMI LYRICS : JOGULA VENKATESH SINGER : LAVANYA MUSIC : GL...
"Tillu Square - Release Trailer | Siddu, AnupamaParameswaran | MallikRam | March 29th Release",https://www.youtube.com/watch?v=JrdixTnMl8E,,,Sithara Entertainments,4.9M views,3 days ago,"Watch the Release Trailer of Tillu Square | Siddu, AnupamaParameswaran | MallikRam | March 29th Release Tillu Square is our upcoming telugu feature film starring Sidhu, Anupama Parameswaran..."
GETTING READY FOR BGIS | SOLO 8 KILLS | BGMI!,https://www.youtube.com/watch?v=pzcBfHxAEbY,,,JONATHAN GAMING,503K views,1 day ago,"If you liked the Video donâ€™t forget to Like, Share and Subscribe. Hey Guys, Welcome to my Youtube Channel, I'm Jonathan Amaral, you might know me as Jonathan Gaming. I started my professional..."
à°šà°¾à°¯à± à°¹à±‹à°Ÿà°²à± â˜•ï¸ / à°“ à°•à±Šà°¡à±à°•à± à°•à°¥âœï¸ğŸ¥¹/ Funny and emotional videoğŸ¤—â¤ï¸/ Laxmi Srikanth videosğŸ¥°#5star,https://www.youtube.com/watch?v=pONeILKvNWU,,,5 STAR,126K views,14 hours ago,"à°šà°¾à°¯à± à°¹à±‹à°Ÿà°²à± â˜•ï¸ / à°“ à°•à±Šà°¡à±à°•à± à°•à°¥âœï¸ğŸ¥¹/ Funny and emotional videoğŸ¤—â¤ï¸/ Laxmi Srikanth videosğŸ¥°#5star Direction & Management, : 5 Star Laxmi,srikanth,..."
à´†à´Ÿàµà´®àµŠà´¤àµà´¤àµà´³àµà´³ à´† à´¸àµ€àµ» à´¨àµ€à´•àµà´•à´‚ à´šàµ†à´¯àµà´¯à´¾à´¨àµà´³àµà´³ à´•à´¾à´°à´£à´‚.. | Benyamin & Najeeb | Post Release Interview,https://www.youtube.com/watch?v=PNdUrhny6J8,,,Jango Space TV,574K views,2 days ago,#aadujeevitham #najeeb #interview For advertisements and collaborations : pr@teamjangospace.com Subscribe Us For Latest Short Films & Musical Albums : https://www.youtube.com/c/TeamJangoSpace...
"Bade Miyan Chote Miyan-Official Hindi Trailer | Akshay, Tiger, Prithviraj | AAZ |In Cinemas 10th Apr",https://www.youtube.com/watch?v=IGzLHNPO4QI,,,Pooja Entertainment,35M views,4 days ago,"Ek mission, Ek villain, aur Do REAL ACTION Heroes! ğŸ‘Š It doesn't get bigger than this ğŸ”¥ #BadeMiyanChoteMiyan IN CINEMAS ON 10th APRIL! Pooja Entertainment in association with AAZ Films..."
"ğŸ”´[Live] Top 1 AWM King Is HereğŸ—¿ğŸ’–Kya Raistar AayegağŸ‘½Mystery Shop, Wall RoyaleğŸ”¥ğŸ—¿-Garena Free Fire !!",https://www.youtube.com/watch?v=rhuSga6BpC8,,,UnGraduate Gamer,3M views,Streamed 1 day ago,"ğŸ”ŠSo , Hi Guys I'm Ayush and Welcome to our channel UnGraduate GamerğŸ’“ğŸ‘‹!! Don't forget to Subscribe our ChannelğŸ˜Š. !! ******************************************************** ..."
I'M A 10TH FAIL,https://www.youtube.com/watch?v=CYPKm2i89D8,,,Total Gaming,1.7M views,1 day ago,I'M A 10TH FAIL - BRAIN TEST ğŸ“· Instagram: https://www.instagram.com/totalgaming_official/ ğŸ•Šï¸Twitter:- https://twitter.com/total_gaming093 ğŸ‘ Facebook: https://facebook.com/totalgaming093...
Aadujeevitham | The GoatLife | Review | Prithviraj Sukumaran | Blessy | A R Rahman,https://www.youtube.com/watch?v=l9OLKDwwWoI,,,Aswanth Kok,956K views,2 days ago,
Kadhal Enum Nikkah | EP 3 | Tamil Web Series | Roshan | Smeha | Kutty Story,https://www.youtube.com/watch?v=_JqDj9kfg9k,,,Kutty Story,159K views,1 day ago,Dhuruv and Jasna were MBA classmates who hated love due to their personal problems. They had to team up for a project and started to speak when they both entered a friend zone that was interrupted...
